--------------------------------------------------------
-- Archivo creado  - martes-junio-04-2019   
--------------------------------------------------------
DROP TABLE "PROYECTOFINAL"."ABONOS" cascade constraints;
DROP TABLE "PROYECTOFINAL"."ALUMNOS" cascade constraints;
DROP TABLE "PROYECTOFINAL"."ALUMNOS_GRUPOS" cascade constraints;
DROP TABLE "PROYECTOFINAL"."ASIGNATURAS" cascade constraints;
DROP TABLE "PROYECTOFINAL"."AULAS" cascade constraints;
DROP TABLE "PROYECTOFINAL"."FACTURAS" cascade constraints;
DROP TABLE "PROYECTOFINAL"."GRUPOS" cascade constraints;
DROP TABLE "PROYECTOFINAL"."GRUPOS_AULAS_HORARIOS" cascade constraints;
DROP TABLE "PROYECTOFINAL"."HORARIO" cascade constraints;
DROP TABLE "PROYECTOFINAL"."MATRICULAS" cascade constraints;
DROP TABLE "PROYECTOFINAL"."PREGUNTAS" cascade constraints;
DROP TABLE "PROYECTOFINAL"."PROFESORES" cascade constraints;
DROP TABLE "PROYECTOFINAL"."RESULTADOS" cascade constraints;
DROP TABLE "PROYECTOFINAL"."ROLES" cascade constraints;
DROP TABLE "PROYECTOFINAL"."TEST" cascade constraints;
DROP TABLE "PROYECTOFINAL"."TEST_PREGUNTAS" cascade constraints;
DROP TABLE "PROYECTOFINAL"."TRANSACCIONES" cascade constraints;
DROP TABLE "PROYECTOFINAL"."USUARIOS" cascade constraints;
--------------------------------------------------------
--  DDL for Table ABONOS
--------------------------------------------------------

  CREATE TABLE "PROYECTOFINAL"."ABONOS" 
   (	"ID_ABONO" NUMBER, 
	"ID_FACTURA" NUMBER, 
	"CANTIDAD" NUMBER, 
	"FECHA" DATE
   ) SEGMENT CREATION IMMEDIATE 
  PCTFREE 10 PCTUSED 40 INITRANS 1 MAXTRANS 255 NOCOMPRESS LOGGING
  STORAGE(INITIAL 65536 NEXT 1048576 MINEXTENTS 1 MAXEXTENTS 2147483645
  PCTINCREASE 0 FREELISTS 1 FREELIST GROUPS 1 BUFFER_POOL DEFAULT FLASH_CACHE DEFAULT CELL_FLASH_CACHE DEFAULT)
  TABLESPACE "SYSTEM" ;
--------------------------------------------------------
--  DDL for Table ALUMNOS
--------------------------------------------------------

  CREATE TABLE "PROYECTOFINAL"."ALUMNOS" 
   (	"ID_ALUMNO" NUMBER, 
	"DNI" VARCHAR2(9 BYTE), 
	"NOMBRE" VARCHAR2(35 BYTE), 
	"APELLIDOS" VARCHAR2(100 BYTE), 
	"ID_USUARIO" NUMBER DEFAULT NULL, 
	"ELIMINADO" NUMBER DEFAULT 0
   ) SEGMENT CREATION IMMEDIATE 
  PCTFREE 10 PCTUSED 40 INITRANS 1 MAXTRANS 255 NOCOMPRESS LOGGING
  STORAGE(INITIAL 65536 NEXT 1048576 MINEXTENTS 1 MAXEXTENTS 2147483645
  PCTINCREASE 0 FREELISTS 1 FREELIST GROUPS 1 BUFFER_POOL DEFAULT FLASH_CACHE DEFAULT CELL_FLASH_CACHE DEFAULT)
  TABLESPACE "SYSTEM" ;
--------------------------------------------------------
--  DDL for Table ALUMNOS_GRUPOS
--------------------------------------------------------

  CREATE TABLE "PROYECTOFINAL"."ALUMNOS_GRUPOS" 
   (	"ID_ALUMNO_GRUPO" NUMBER, 
	"ID_ALUMNO" NUMBER, 
	"ID_GRUPO" NUMBER
   ) SEGMENT CREATION IMMEDIATE 
  PCTFREE 10 PCTUSED 40 INITRANS 1 MAXTRANS 255 NOCOMPRESS LOGGING
  STORAGE(INITIAL 65536 NEXT 1048576 MINEXTENTS 1 MAXEXTENTS 2147483645
  PCTINCREASE 0 FREELISTS 1 FREELIST GROUPS 1 BUFFER_POOL DEFAULT FLASH_CACHE DEFAULT CELL_FLASH_CACHE DEFAULT)
  TABLESPACE "SYSTEM" ;
--------------------------------------------------------
--  DDL for Table ASIGNATURAS
--------------------------------------------------------

  CREATE TABLE "PROYECTOFINAL"."ASIGNATURAS" 
   (	"ID_ASIGNATURA" NUMBER, 
	"NOMBRE" VARCHAR2(20 BYTE), 
	"PRECIO" NUMBER DEFAULT 0, 
	"ELIMINADO" NUMBER DEFAULT 0
   ) SEGMENT CREATION IMMEDIATE 
  PCTFREE 10 PCTUSED 40 INITRANS 1 MAXTRANS 255 NOCOMPRESS LOGGING
  STORAGE(INITIAL 65536 NEXT 1048576 MINEXTENTS 1 MAXEXTENTS 2147483645
  PCTINCREASE 0 FREELISTS 1 FREELIST GROUPS 1 BUFFER_POOL DEFAULT FLASH_CACHE DEFAULT CELL_FLASH_CACHE DEFAULT)
  TABLESPACE "SYSTEM" ;
--------------------------------------------------------
--  DDL for Table AULAS
--------------------------------------------------------

  CREATE TABLE "PROYECTOFINAL"."AULAS" 
   (	"ID_AULA" NUMBER, 
	"NOMBRE" VARCHAR2(20 BYTE), 
	"CAPACIDAD_MAXIMA" NUMBER, 
	"ELIMINADO" NUMBER DEFAULT 0
   ) SEGMENT CREATION IMMEDIATE 
  PCTFREE 10 PCTUSED 40 INITRANS 1 MAXTRANS 255 NOCOMPRESS LOGGING
  STORAGE(INITIAL 65536 NEXT 1048576 MINEXTENTS 1 MAXEXTENTS 2147483645
  PCTINCREASE 0 FREELISTS 1 FREELIST GROUPS 1 BUFFER_POOL DEFAULT FLASH_CACHE DEFAULT CELL_FLASH_CACHE DEFAULT)
  TABLESPACE "SYSTEM" ;
--------------------------------------------------------
--  DDL for Table FACTURAS
--------------------------------------------------------

  CREATE TABLE "PROYECTOFINAL"."FACTURAS" 
   (	"ID_FACTURA" NUMBER, 
	"CODIGO" VARCHAR2(20 BYTE), 
	"FECHA" DATE, 
	"ID_USUARIO" NUMBER, 
	"ID_ALUMNO" NUMBER, 
	"CANTIDAD_SIN_IMPUESTO" NUMBER, 
	"IMPUESTO" NUMBER, 
	"CANTIDAD_TOTAL" NUMBER, 
	"CONFIRMADO" NUMBER
   ) SEGMENT CREATION IMMEDIATE 
  PCTFREE 10 PCTUSED 40 INITRANS 1 MAXTRANS 255 NOCOMPRESS LOGGING
  STORAGE(INITIAL 65536 NEXT 1048576 MINEXTENTS 1 MAXEXTENTS 2147483645
  PCTINCREASE 0 FREELISTS 1 FREELIST GROUPS 1 BUFFER_POOL DEFAULT FLASH_CACHE DEFAULT CELL_FLASH_CACHE DEFAULT)
  TABLESPACE "SYSTEM" ;
--------------------------------------------------------
--  DDL for Table GRUPOS
--------------------------------------------------------

  CREATE TABLE "PROYECTOFINAL"."GRUPOS" 
   (	"ID_GRUPO" NUMBER, 
	"NOMBRE" VARCHAR2(20 BYTE), 
	"ID_ASIGNATURA" NUMBER, 
	"ID_PROFESOR" NUMBER, 
	"CAPACIDAD" NUMBER, 
	"ELIMINADO" NUMBER
   ) SEGMENT CREATION IMMEDIATE 
  PCTFREE 10 PCTUSED 40 INITRANS 1 MAXTRANS 255 NOCOMPRESS LOGGING
  STORAGE(INITIAL 65536 NEXT 1048576 MINEXTENTS 1 MAXEXTENTS 2147483645
  PCTINCREASE 0 FREELISTS 1 FREELIST GROUPS 1 BUFFER_POOL DEFAULT FLASH_CACHE DEFAULT CELL_FLASH_CACHE DEFAULT)
  TABLESPACE "SYSTEM" ;
--------------------------------------------------------
--  DDL for Table GRUPOS_AULAS_HORARIOS
--------------------------------------------------------

  CREATE TABLE "PROYECTOFINAL"."GRUPOS_AULAS_HORARIOS" 
   (	"ID_GRUPO_AULA_HORARIO" NUMBER, 
	"ID_GRUPO" NUMBER, 
	"ID_AULA" NUMBER, 
	"ID_HORARIO" NUMBER
   ) SEGMENT CREATION IMMEDIATE 
  PCTFREE 10 PCTUSED 40 INITRANS 1 MAXTRANS 255 NOCOMPRESS LOGGING
  STORAGE(INITIAL 65536 NEXT 1048576 MINEXTENTS 1 MAXEXTENTS 2147483645
  PCTINCREASE 0 FREELISTS 1 FREELIST GROUPS 1 BUFFER_POOL DEFAULT FLASH_CACHE DEFAULT CELL_FLASH_CACHE DEFAULT)
  TABLESPACE "SYSTEM" ;
--------------------------------------------------------
--  DDL for Table HORARIO
--------------------------------------------------------

  CREATE TABLE "PROYECTOFINAL"."HORARIO" 
   (	"ID_HORARIO" NUMBER, 
	"DIA" VARCHAR2(20 BYTE), 
	"HORA_INICIO" VARCHAR2(20 BYTE), 
	"HORA_FIN" VARCHAR2(20 BYTE), 
	"ELIMINADO" NUMBER
   ) SEGMENT CREATION IMMEDIATE 
  PCTFREE 10 PCTUSED 40 INITRANS 1 MAXTRANS 255 NOCOMPRESS LOGGING
  STORAGE(INITIAL 65536 NEXT 1048576 MINEXTENTS 1 MAXEXTENTS 2147483645
  PCTINCREASE 0 FREELISTS 1 FREELIST GROUPS 1 BUFFER_POOL DEFAULT FLASH_CACHE DEFAULT CELL_FLASH_CACHE DEFAULT)
  TABLESPACE "SYSTEM" ;
--------------------------------------------------------
--  DDL for Table MATRICULAS
--------------------------------------------------------

  CREATE TABLE "PROYECTOFINAL"."MATRICULAS" 
   (	"ID_MATRICULA" NUMBER, 
	"ID_ALUMNO" NUMBER, 
	"ID_GRUPO" NUMBER, 
	"PRECIO" NUMBER, 
	"FECHA_EXPEDICION" DATE, 
	"ELIMINADO" NUMBER DEFAULT 0
   ) SEGMENT CREATION IMMEDIATE 
  PCTFREE 10 PCTUSED 40 INITRANS 1 MAXTRANS 255 NOCOMPRESS LOGGING
  STORAGE(INITIAL 65536 NEXT 1048576 MINEXTENTS 1 MAXEXTENTS 2147483645
  PCTINCREASE 0 FREELISTS 1 FREELIST GROUPS 1 BUFFER_POOL DEFAULT FLASH_CACHE DEFAULT CELL_FLASH_CACHE DEFAULT)
  TABLESPACE "SYSTEM" ;
--------------------------------------------------------
--  DDL for Table PREGUNTAS
--------------------------------------------------------

  CREATE TABLE "PROYECTOFINAL"."PREGUNTAS" 
   (	"ID_PREGUNTA" NUMBER, 
	"ID_ASIGNATURA" NUMBER, 
	"PREGUNTA" VARCHAR2(20 BYTE), 
	"RESPUESTA1" VARCHAR2(20 BYTE), 
	"RESPUESTA2" VARCHAR2(20 BYTE), 
	"RESPUESTA3" VARCHAR2(20 BYTE), 
	"RESPUESTA_CORRECTA" NUMBER, 
	"ELIMINADO" NUMBER
   ) SEGMENT CREATION IMMEDIATE 
  PCTFREE 10 PCTUSED 40 INITRANS 1 MAXTRANS 255 NOCOMPRESS LOGGING
  STORAGE(INITIAL 65536 NEXT 1048576 MINEXTENTS 1 MAXEXTENTS 2147483645
  PCTINCREASE 0 FREELISTS 1 FREELIST GROUPS 1 BUFFER_POOL DEFAULT FLASH_CACHE DEFAULT CELL_FLASH_CACHE DEFAULT)
  TABLESPACE "SYSTEM" ;
--------------------------------------------------------
--  DDL for Table PROFESORES
--------------------------------------------------------

  CREATE TABLE "PROYECTOFINAL"."PROFESORES" 
   (	"ID_PROFESOR" NUMBER, 
	"DNI" VARCHAR2(9 BYTE), 
	"NOMBRE" VARCHAR2(35 BYTE), 
	"APELLIDOS" VARCHAR2(100 BYTE), 
	"TITULACION" VARCHAR2(50 BYTE), 
	"ID_USUARIO" NUMBER, 
	"ELIMINADO" NUMBER
   ) SEGMENT CREATION IMMEDIATE 
  PCTFREE 10 PCTUSED 40 INITRANS 1 MAXTRANS 255 NOCOMPRESS LOGGING
  STORAGE(INITIAL 65536 NEXT 1048576 MINEXTENTS 1 MAXEXTENTS 2147483645
  PCTINCREASE 0 FREELISTS 1 FREELIST GROUPS 1 BUFFER_POOL DEFAULT FLASH_CACHE DEFAULT CELL_FLASH_CACHE DEFAULT)
  TABLESPACE "SYSTEM" ;
--------------------------------------------------------
--  DDL for Table RESULTADOS
--------------------------------------------------------

  CREATE TABLE "PROYECTOFINAL"."RESULTADOS" 
   (	"ID_RESULTADO" NUMBER, 
	"ID_TEST" NUMBER, 
	"ID_ALUMNO" NUMBER, 
	"ACIERTOS" NUMBER, 
	"FALLOS" NUMBER, 
	"APROBADO" NUMBER, 
	"FECHA" DATE
   ) SEGMENT CREATION IMMEDIATE 
  PCTFREE 10 PCTUSED 40 INITRANS 1 MAXTRANS 255 NOCOMPRESS LOGGING
  STORAGE(INITIAL 65536 NEXT 1048576 MINEXTENTS 1 MAXEXTENTS 2147483645
  PCTINCREASE 0 FREELISTS 1 FREELIST GROUPS 1 BUFFER_POOL DEFAULT FLASH_CACHE DEFAULT CELL_FLASH_CACHE DEFAULT)
  TABLESPACE "SYSTEM" ;
--------------------------------------------------------
--  DDL for Table ROLES
--------------------------------------------------------

  CREATE TABLE "PROYECTOFINAL"."ROLES" 
   (	"ID_ROL" NUMBER, 
	"ROL" VARCHAR2(20 BYTE)
   ) SEGMENT CREATION IMMEDIATE 
  PCTFREE 10 PCTUSED 40 INITRANS 1 MAXTRANS 255 NOCOMPRESS LOGGING
  STORAGE(INITIAL 65536 NEXT 1048576 MINEXTENTS 1 MAXEXTENTS 2147483645
  PCTINCREASE 0 FREELISTS 1 FREELIST GROUPS 1 BUFFER_POOL DEFAULT FLASH_CACHE DEFAULT CELL_FLASH_CACHE DEFAULT)
  TABLESPACE "SYSTEM" ;
--------------------------------------------------------
--  DDL for Table TEST
--------------------------------------------------------

  CREATE TABLE "PROYECTOFINAL"."TEST" 
   (	"ID_TEST" NUMBER, 
	"ID_ASIGNATURA" NUMBER, 
	"DIFICULTAD" NUMBER, 
	"ELIMINADO" NUMBER
   ) SEGMENT CREATION IMMEDIATE 
  PCTFREE 10 PCTUSED 40 INITRANS 1 MAXTRANS 255 NOCOMPRESS LOGGING
  STORAGE(INITIAL 65536 NEXT 1048576 MINEXTENTS 1 MAXEXTENTS 2147483645
  PCTINCREASE 0 FREELISTS 1 FREELIST GROUPS 1 BUFFER_POOL DEFAULT FLASH_CACHE DEFAULT CELL_FLASH_CACHE DEFAULT)
  TABLESPACE "SYSTEM" ;
--------------------------------------------------------
--  DDL for Table TEST_PREGUNTAS
--------------------------------------------------------

  CREATE TABLE "PROYECTOFINAL"."TEST_PREGUNTAS" 
   (	"ID_TEST_PREGUNTA" NUMBER, 
	"ID_TEST" NUMBER, 
	"ID_PREGUNTA" NUMBER
   ) SEGMENT CREATION IMMEDIATE 
  PCTFREE 10 PCTUSED 40 INITRANS 1 MAXTRANS 255 NOCOMPRESS LOGGING
  STORAGE(INITIAL 65536 NEXT 1048576 MINEXTENTS 1 MAXEXTENTS 2147483645
  PCTINCREASE 0 FREELISTS 1 FREELIST GROUPS 1 BUFFER_POOL DEFAULT FLASH_CACHE DEFAULT CELL_FLASH_CACHE DEFAULT)
  TABLESPACE "SYSTEM" ;
--------------------------------------------------------
--  DDL for Table TRANSACCIONES
--------------------------------------------------------

  CREATE TABLE "PROYECTOFINAL"."TRANSACCIONES" 
   (	"ID_TRANSACCION" NUMBER, 
	"TIPO" NUMBER, 
	"ID_FACTURA" NUMBER, 
	"CONCEPTO" VARCHAR2(50 BYTE), 
	"CANTIDAD" NUMBER, 
	"FECHA" DATE
   ) SEGMENT CREATION IMMEDIATE 
  PCTFREE 10 PCTUSED 40 INITRANS 1 MAXTRANS 255 NOCOMPRESS LOGGING
  STORAGE(INITIAL 65536 NEXT 1048576 MINEXTENTS 1 MAXEXTENTS 2147483645
  PCTINCREASE 0 FREELISTS 1 FREELIST GROUPS 1 BUFFER_POOL DEFAULT FLASH_CACHE DEFAULT CELL_FLASH_CACHE DEFAULT)
  TABLESPACE "SYSTEM" ;
--------------------------------------------------------
--  DDL for Table USUARIOS
--------------------------------------------------------

  CREATE TABLE "PROYECTOFINAL"."USUARIOS" 
   (	"ID_USUARIO" NUMBER, 
	"USUARIO" VARCHAR2(35 BYTE), 
	"CLAVE" VARCHAR2(50 BYTE), 
	"ID_ROL" NUMBER, 
	"ELIMINADO" NUMBER DEFAULT 0
   ) SEGMENT CREATION IMMEDIATE 
  PCTFREE 10 PCTUSED 40 INITRANS 1 MAXTRANS 255 NOCOMPRESS LOGGING
  STORAGE(INITIAL 65536 NEXT 1048576 MINEXTENTS 1 MAXEXTENTS 2147483645
  PCTINCREASE 0 FREELISTS 1 FREELIST GROUPS 1 BUFFER_POOL DEFAULT FLASH_CACHE DEFAULT CELL_FLASH_CACHE DEFAULT)
  TABLESPACE "SYSTEM" ;
REM INSERTING into PROYECTOFINAL.ABONOS
SET DEFINE OFF;
Insert into PROYECTOFINAL.ABONOS (ID_ABONO,ID_FACTURA,CANTIDAD,FECHA) values ('1','3','72,6',to_date('02/06/19','DD/MM/RR'));
REM INSERTING into PROYECTOFINAL.ALUMNOS
SET DEFINE OFF;
Insert into PROYECTOFINAL.ALUMNOS (ID_ALUMNO,DNI,NOMBRE,APELLIDOS,ID_USUARIO,ELIMINADO) values ('1','01234567A','Antonio','Sanchez','2','0');
Insert into PROYECTOFINAL.ALUMNOS (ID_ALUMNO,DNI,NOMBRE,APELLIDOS,ID_USUARIO,ELIMINADO) values ('2','04893571J','David','Sanz','5','0');
Insert into PROYECTOFINAL.ALUMNOS (ID_ALUMNO,DNI,NOMBRE,APELLIDOS,ID_USUARIO,ELIMINADO) values ('3','01234567D','Diego','Lopez','7','0');
Insert into PROYECTOFINAL.ALUMNOS (ID_ALUMNO,DNI,NOMBRE,APELLIDOS,ID_USUARIO,ELIMINADO) values ('4','01234566S','admin','admin','6','0');
REM INSERTING into PROYECTOFINAL.ALUMNOS_GRUPOS
SET DEFINE OFF;
Insert into PROYECTOFINAL.ALUMNOS_GRUPOS (ID_ALUMNO_GRUPO,ID_ALUMNO,ID_GRUPO) values ('3','3','3');
Insert into PROYECTOFINAL.ALUMNOS_GRUPOS (ID_ALUMNO_GRUPO,ID_ALUMNO,ID_GRUPO) values ('4','1','2');
Insert into PROYECTOFINAL.ALUMNOS_GRUPOS (ID_ALUMNO_GRUPO,ID_ALUMNO,ID_GRUPO) values ('5','3','2');
Insert into PROYECTOFINAL.ALUMNOS_GRUPOS (ID_ALUMNO_GRUPO,ID_ALUMNO,ID_GRUPO) values ('6','2','4');
Insert into PROYECTOFINAL.ALUMNOS_GRUPOS (ID_ALUMNO_GRUPO,ID_ALUMNO,ID_GRUPO) values ('1','1','1');
Insert into PROYECTOFINAL.ALUMNOS_GRUPOS (ID_ALUMNO_GRUPO,ID_ALUMNO,ID_GRUPO) values ('2','2','1');
REM INSERTING into PROYECTOFINAL.ASIGNATURAS
SET DEFINE OFF;
Insert into PROYECTOFINAL.ASIGNATURAS (ID_ASIGNATURA,NOMBRE,PRECIO,ELIMINADO) values ('3','Geografía','15,55','0');
Insert into PROYECTOFINAL.ASIGNATURAS (ID_ASIGNATURA,NOMBRE,PRECIO,ELIMINADO) values ('4','Quimica','26,5','0');
Insert into PROYECTOFINAL.ASIGNATURAS (ID_ASIGNATURA,NOMBRE,PRECIO,ELIMINADO) values ('1','Matematicas','15,3','0');
Insert into PROYECTOFINAL.ASIGNATURAS (ID_ASIGNATURA,NOMBRE,PRECIO,ELIMINADO) values ('2','Frances','25,5','0');
REM INSERTING into PROYECTOFINAL.AULAS
SET DEFINE OFF;
Insert into PROYECTOFINAL.AULAS (ID_AULA,NOMBRE,CAPACIDAD_MAXIMA,ELIMINADO) values ('1','Aula B1','20','0');
Insert into PROYECTOFINAL.AULAS (ID_AULA,NOMBRE,CAPACIDAD_MAXIMA,ELIMINADO) values ('2','Aula B10','10','0');
REM INSERTING into PROYECTOFINAL.FACTURAS
SET DEFINE OFF;
Insert into PROYECTOFINAL.FACTURAS (ID_FACTURA,CODIGO,FECHA,ID_USUARIO,ID_ALUMNO,CANTIDAD_SIN_IMPUESTO,IMPUESTO,CANTIDAD_TOTAL,CONFIRMADO) values ('2',null,null,'6','3','40','0,21','48,4','0');
Insert into PROYECTOFINAL.FACTURAS (ID_FACTURA,CODIGO,FECHA,ID_USUARIO,ID_ALUMNO,CANTIDAD_SIN_IMPUESTO,IMPUESTO,CANTIDAD_TOTAL,CONFIRMADO) values ('3','ING-201900003',to_date('02/06/19','DD/MM/RR'),'6','1','60','0,21','72,6','1');
Insert into PROYECTOFINAL.FACTURAS (ID_FACTURA,CODIGO,FECHA,ID_USUARIO,ID_ALUMNO,CANTIDAD_SIN_IMPUESTO,IMPUESTO,CANTIDAD_TOTAL,CONFIRMADO) values ('1','ING-201900001',to_date('02/06/19','DD/MM/RR'),'6','1','55,5','0,21','67,16','1');
REM INSERTING into PROYECTOFINAL.GRUPOS
SET DEFINE OFF;
Insert into PROYECTOFINAL.GRUPOS (ID_GRUPO,NOMBRE,ID_ASIGNATURA,ID_PROFESOR,CAPACIDAD,ELIMINADO) values ('1','GRUPO1','1','2','2','0');
Insert into PROYECTOFINAL.GRUPOS (ID_GRUPO,NOMBRE,ID_ASIGNATURA,ID_PROFESOR,CAPACIDAD,ELIMINADO) values ('2','GrupoFr1','2','1','15','0');
Insert into PROYECTOFINAL.GRUPOS (ID_GRUPO,NOMBRE,ID_ASIGNATURA,ID_PROFESOR,CAPACIDAD,ELIMINADO) values ('3','GrupoMat2','1','2','20','0');
Insert into PROYECTOFINAL.GRUPOS (ID_GRUPO,NOMBRE,ID_ASIGNATURA,ID_PROFESOR,CAPACIDAD,ELIMINADO) values ('4','GrupoMat1','1','2','25','0');
REM INSERTING into PROYECTOFINAL.GRUPOS_AULAS_HORARIOS
SET DEFINE OFF;
Insert into PROYECTOFINAL.GRUPOS_AULAS_HORARIOS (ID_GRUPO_AULA_HORARIO,ID_GRUPO,ID_AULA,ID_HORARIO) values ('2','1','1','12');
Insert into PROYECTOFINAL.GRUPOS_AULAS_HORARIOS (ID_GRUPO_AULA_HORARIO,ID_GRUPO,ID_AULA,ID_HORARIO) values ('3','2','1','41');
REM INSERTING into PROYECTOFINAL.HORARIO
SET DEFINE OFF;
Insert into PROYECTOFINAL.HORARIO (ID_HORARIO,DIA,HORA_INICIO,HORA_FIN,ELIMINADO) values ('11','LUNES','10:00','11:00','0');
Insert into PROYECTOFINAL.HORARIO (ID_HORARIO,DIA,HORA_INICIO,HORA_FIN,ELIMINADO) values ('12','LUNES','11:00','12:00','0');
Insert into PROYECTOFINAL.HORARIO (ID_HORARIO,DIA,HORA_INICIO,HORA_FIN,ELIMINADO) values ('13','LUNES','12:00','13:00','0');
Insert into PROYECTOFINAL.HORARIO (ID_HORARIO,DIA,HORA_INICIO,HORA_FIN,ELIMINADO) values ('14','LUNES','13:00','14:00','0');
Insert into PROYECTOFINAL.HORARIO (ID_HORARIO,DIA,HORA_INICIO,HORA_FIN,ELIMINADO) values ('15','LUNES','16:00','17:00','0');
Insert into PROYECTOFINAL.HORARIO (ID_HORARIO,DIA,HORA_INICIO,HORA_FIN,ELIMINADO) values ('16','LUNES','17:00','18:00','0');
Insert into PROYECTOFINAL.HORARIO (ID_HORARIO,DIA,HORA_INICIO,HORA_FIN,ELIMINADO) values ('17','LUNES','18:00','19:00','0');
Insert into PROYECTOFINAL.HORARIO (ID_HORARIO,DIA,HORA_INICIO,HORA_FIN,ELIMINADO) values ('18','LUNES','19:00','20:00','0');
Insert into PROYECTOFINAL.HORARIO (ID_HORARIO,DIA,HORA_INICIO,HORA_FIN,ELIMINADO) values ('21','MARTES','10:00','11:00','0');
Insert into PROYECTOFINAL.HORARIO (ID_HORARIO,DIA,HORA_INICIO,HORA_FIN,ELIMINADO) values ('22','MARTES','11:00','12:00','0');
Insert into PROYECTOFINAL.HORARIO (ID_HORARIO,DIA,HORA_INICIO,HORA_FIN,ELIMINADO) values ('23','MARTES','12:00','13:00','0');
Insert into PROYECTOFINAL.HORARIO (ID_HORARIO,DIA,HORA_INICIO,HORA_FIN,ELIMINADO) values ('24','MARTES','13:00','14:00','0');
Insert into PROYECTOFINAL.HORARIO (ID_HORARIO,DIA,HORA_INICIO,HORA_FIN,ELIMINADO) values ('25','MARTES','16:00','17:00','0');
Insert into PROYECTOFINAL.HORARIO (ID_HORARIO,DIA,HORA_INICIO,HORA_FIN,ELIMINADO) values ('26','MARTES','17:00','18:00','0');
Insert into PROYECTOFINAL.HORARIO (ID_HORARIO,DIA,HORA_INICIO,HORA_FIN,ELIMINADO) values ('27','MARTES','18:00','19:00','0');
Insert into PROYECTOFINAL.HORARIO (ID_HORARIO,DIA,HORA_INICIO,HORA_FIN,ELIMINADO) values ('28','MARTES','19:00','20:00','0');
Insert into PROYECTOFINAL.HORARIO (ID_HORARIO,DIA,HORA_INICIO,HORA_FIN,ELIMINADO) values ('31','MIERCOLES','10:00','11:00','0');
Insert into PROYECTOFINAL.HORARIO (ID_HORARIO,DIA,HORA_INICIO,HORA_FIN,ELIMINADO) values ('32','MIERCOLES','11:00','12:00','0');
Insert into PROYECTOFINAL.HORARIO (ID_HORARIO,DIA,HORA_INICIO,HORA_FIN,ELIMINADO) values ('33','MIERCOLES','12:00','13:00','0');
Insert into PROYECTOFINAL.HORARIO (ID_HORARIO,DIA,HORA_INICIO,HORA_FIN,ELIMINADO) values ('34','MIERCOLES','13:00','14:00','0');
Insert into PROYECTOFINAL.HORARIO (ID_HORARIO,DIA,HORA_INICIO,HORA_FIN,ELIMINADO) values ('35','MIERCOLES','16:00','17:00','0');
Insert into PROYECTOFINAL.HORARIO (ID_HORARIO,DIA,HORA_INICIO,HORA_FIN,ELIMINADO) values ('36','MIERCOLES','17:00','18:00','0');
Insert into PROYECTOFINAL.HORARIO (ID_HORARIO,DIA,HORA_INICIO,HORA_FIN,ELIMINADO) values ('37','MIERCOLES','18:00','19:00','0');
Insert into PROYECTOFINAL.HORARIO (ID_HORARIO,DIA,HORA_INICIO,HORA_FIN,ELIMINADO) values ('38','MIERCOLES','19:00','20:00','0');
Insert into PROYECTOFINAL.HORARIO (ID_HORARIO,DIA,HORA_INICIO,HORA_FIN,ELIMINADO) values ('41','JUEVES','10:00','11:00','0');
Insert into PROYECTOFINAL.HORARIO (ID_HORARIO,DIA,HORA_INICIO,HORA_FIN,ELIMINADO) values ('42','JUEVES','11:00','12:00','0');
Insert into PROYECTOFINAL.HORARIO (ID_HORARIO,DIA,HORA_INICIO,HORA_FIN,ELIMINADO) values ('43','JUEVES','12:00','13:00','0');
Insert into PROYECTOFINAL.HORARIO (ID_HORARIO,DIA,HORA_INICIO,HORA_FIN,ELIMINADO) values ('44','JUEVES','13:00','14:00','0');
Insert into PROYECTOFINAL.HORARIO (ID_HORARIO,DIA,HORA_INICIO,HORA_FIN,ELIMINADO) values ('45','JUEVES','16:00','17:00','0');
Insert into PROYECTOFINAL.HORARIO (ID_HORARIO,DIA,HORA_INICIO,HORA_FIN,ELIMINADO) values ('46','JUEVES','17:00','18:00','0');
Insert into PROYECTOFINAL.HORARIO (ID_HORARIO,DIA,HORA_INICIO,HORA_FIN,ELIMINADO) values ('47','JUEVES','18:00','19:00','0');
Insert into PROYECTOFINAL.HORARIO (ID_HORARIO,DIA,HORA_INICIO,HORA_FIN,ELIMINADO) values ('48','JUEVES','19:00','20:00','0');
Insert into PROYECTOFINAL.HORARIO (ID_HORARIO,DIA,HORA_INICIO,HORA_FIN,ELIMINADO) values ('51','VIERNES','10:00','11:00','0');
Insert into PROYECTOFINAL.HORARIO (ID_HORARIO,DIA,HORA_INICIO,HORA_FIN,ELIMINADO) values ('52','VIERNES','11:00','12:00','0');
Insert into PROYECTOFINAL.HORARIO (ID_HORARIO,DIA,HORA_INICIO,HORA_FIN,ELIMINADO) values ('53','VIERNES','12:00','13:00','0');
Insert into PROYECTOFINAL.HORARIO (ID_HORARIO,DIA,HORA_INICIO,HORA_FIN,ELIMINADO) values ('54','VIERNES','13:00','14:00','0');
Insert into PROYECTOFINAL.HORARIO (ID_HORARIO,DIA,HORA_INICIO,HORA_FIN,ELIMINADO) values ('55','VIERNES','16:00','17:00','0');
Insert into PROYECTOFINAL.HORARIO (ID_HORARIO,DIA,HORA_INICIO,HORA_FIN,ELIMINADO) values ('56','VIERNES','17:00','18:00','0');
Insert into PROYECTOFINAL.HORARIO (ID_HORARIO,DIA,HORA_INICIO,HORA_FIN,ELIMINADO) values ('57','VIERNES','18:00','19:00','0');
Insert into PROYECTOFINAL.HORARIO (ID_HORARIO,DIA,HORA_INICIO,HORA_FIN,ELIMINADO) values ('58','VIERNES','19:00','20:00','0');
REM INSERTING into PROYECTOFINAL.MATRICULAS
SET DEFINE OFF;
Insert into PROYECTOFINAL.MATRICULAS (ID_MATRICULA,ID_ALUMNO,ID_GRUPO,PRECIO,FECHA_EXPEDICION,ELIMINADO) values ('3','2','4','15,3',to_date('02/06/19','DD/MM/RR'),'0');
Insert into PROYECTOFINAL.MATRICULAS (ID_MATRICULA,ID_ALUMNO,ID_GRUPO,PRECIO,FECHA_EXPEDICION,ELIMINADO) values ('1','1','1','15,3',to_date('02/06/19','DD/MM/RR'),'0');
Insert into PROYECTOFINAL.MATRICULAS (ID_MATRICULA,ID_ALUMNO,ID_GRUPO,PRECIO,FECHA_EXPEDICION,ELIMINADO) values ('2','3','2','25,5',to_date('02/06/19','DD/MM/RR'),'0');
REM INSERTING into PROYECTOFINAL.PREGUNTAS
SET DEFINE OFF;
Insert into PROYECTOFINAL.PREGUNTAS (ID_PREGUNTA,ID_ASIGNATURA,PREGUNTA,RESPUESTA1,RESPUESTA2,RESPUESTA3,RESPUESTA_CORRECTA,ELIMINADO) values ('1','1','¿Cuánto es 2+2?','4','6','5','1','0');
Insert into PROYECTOFINAL.PREGUNTAS (ID_PREGUNTA,ID_ASIGNATURA,PREGUNTA,RESPUESTA1,RESPUESTA2,RESPUESTA3,RESPUESTA_CORRECTA,ELIMINADO) values ('2','1','¿Cuanto es 3+2?','5','8','7','1','0');
Insert into PROYECTOFINAL.PREGUNTAS (ID_PREGUNTA,ID_ASIGNATURA,PREGUNTA,RESPUESTA1,RESPUESTA2,RESPUESTA3,RESPUESTA_CORRECTA,ELIMINADO) values ('3','1','3','1','2','3','1','0');
Insert into PROYECTOFINAL.PREGUNTAS (ID_PREGUNTA,ID_ASIGNATURA,PREGUNTA,RESPUESTA1,RESPUESTA2,RESPUESTA3,RESPUESTA_CORRECTA,ELIMINADO) values ('4','1','4','1','2','3','1','0');
Insert into PROYECTOFINAL.PREGUNTAS (ID_PREGUNTA,ID_ASIGNATURA,PREGUNTA,RESPUESTA1,RESPUESTA2,RESPUESTA3,RESPUESTA_CORRECTA,ELIMINADO) values ('5','1','5','1','2','3','1','0');
Insert into PROYECTOFINAL.PREGUNTAS (ID_PREGUNTA,ID_ASIGNATURA,PREGUNTA,RESPUESTA1,RESPUESTA2,RESPUESTA3,RESPUESTA_CORRECTA,ELIMINADO) values ('6','1','6','1','2','3','1','0');
Insert into PROYECTOFINAL.PREGUNTAS (ID_PREGUNTA,ID_ASIGNATURA,PREGUNTA,RESPUESTA1,RESPUESTA2,RESPUESTA3,RESPUESTA_CORRECTA,ELIMINADO) values ('7','1','7','1','2','3','1','0');
Insert into PROYECTOFINAL.PREGUNTAS (ID_PREGUNTA,ID_ASIGNATURA,PREGUNTA,RESPUESTA1,RESPUESTA2,RESPUESTA3,RESPUESTA_CORRECTA,ELIMINADO) values ('8','1','8','1','2','3','1','0');
Insert into PROYECTOFINAL.PREGUNTAS (ID_PREGUNTA,ID_ASIGNATURA,PREGUNTA,RESPUESTA1,RESPUESTA2,RESPUESTA3,RESPUESTA_CORRECTA,ELIMINADO) values ('9','1','9','1','2','3','1','0');
Insert into PROYECTOFINAL.PREGUNTAS (ID_PREGUNTA,ID_ASIGNATURA,PREGUNTA,RESPUESTA1,RESPUESTA2,RESPUESTA3,RESPUESTA_CORRECTA,ELIMINADO) values ('10','1','10','1','2','3','3','0');
REM INSERTING into PROYECTOFINAL.PROFESORES
SET DEFINE OFF;
Insert into PROYECTOFINAL.PROFESORES (ID_PROFESOR,DNI,NOMBRE,APELLIDOS,TITULACION,ID_USUARIO,ELIMINADO) values ('1','01237894S','Andrea','Lopez','Profesora Inglés','3','0');
Insert into PROYECTOFINAL.PROFESORES (ID_PROFESOR,DNI,NOMBRE,APELLIDOS,TITULACION,ID_USUARIO,ELIMINADO) values ('2','04561238Z','Pedro','Fernandez ','Profesor Frances','4','0');
REM INSERTING into PROYECTOFINAL.RESULTADOS
SET DEFINE OFF;
Insert into PROYECTOFINAL.RESULTADOS (ID_RESULTADO,ID_TEST,ID_ALUMNO,ACIERTOS,FALLOS,APROBADO,FECHA) values ('0','1','3','9','1','1',to_date('04/06/19','DD/MM/RR'));
Insert into PROYECTOFINAL.RESULTADOS (ID_RESULTADO,ID_TEST,ID_ALUMNO,ACIERTOS,FALLOS,APROBADO,FECHA) values ('1','1','4','9','1','1',to_date('04/06/19','DD/MM/RR'));
REM INSERTING into PROYECTOFINAL.ROLES
SET DEFINE OFF;
Insert into PROYECTOFINAL.ROLES (ID_ROL,ROL) values ('1','ADMINISTRADOR');
Insert into PROYECTOFINAL.ROLES (ID_ROL,ROL) values ('2','ADMINISTRATIVO');
Insert into PROYECTOFINAL.ROLES (ID_ROL,ROL) values ('3','PROFESOR');
Insert into PROYECTOFINAL.ROLES (ID_ROL,ROL) values ('4','ALUMNO');
REM INSERTING into PROYECTOFINAL.TEST
SET DEFINE OFF;
Insert into PROYECTOFINAL.TEST (ID_TEST,ID_ASIGNATURA,DIFICULTAD,ELIMINADO) values ('1','1','1','0');
Insert into PROYECTOFINAL.TEST (ID_TEST,ID_ASIGNATURA,DIFICULTAD,ELIMINADO) values ('2','1','3','0');
Insert into PROYECTOFINAL.TEST (ID_TEST,ID_ASIGNATURA,DIFICULTAD,ELIMINADO) values ('3','2','2','0');
Insert into PROYECTOFINAL.TEST (ID_TEST,ID_ASIGNATURA,DIFICULTAD,ELIMINADO) values ('4','1','2','0');
Insert into PROYECTOFINAL.TEST (ID_TEST,ID_ASIGNATURA,DIFICULTAD,ELIMINADO) values ('5','2','3','0');
REM INSERTING into PROYECTOFINAL.TEST_PREGUNTAS
SET DEFINE OFF;
Insert into PROYECTOFINAL.TEST_PREGUNTAS (ID_TEST_PREGUNTA,ID_TEST,ID_PREGUNTA) values ('1','1','1');
Insert into PROYECTOFINAL.TEST_PREGUNTAS (ID_TEST_PREGUNTA,ID_TEST,ID_PREGUNTA) values ('2','1','2');
Insert into PROYECTOFINAL.TEST_PREGUNTAS (ID_TEST_PREGUNTA,ID_TEST,ID_PREGUNTA) values ('3','1','3');
Insert into PROYECTOFINAL.TEST_PREGUNTAS (ID_TEST_PREGUNTA,ID_TEST,ID_PREGUNTA) values ('4','1','4');
Insert into PROYECTOFINAL.TEST_PREGUNTAS (ID_TEST_PREGUNTA,ID_TEST,ID_PREGUNTA) values ('5','1','5');
Insert into PROYECTOFINAL.TEST_PREGUNTAS (ID_TEST_PREGUNTA,ID_TEST,ID_PREGUNTA) values ('6','1','6');
Insert into PROYECTOFINAL.TEST_PREGUNTAS (ID_TEST_PREGUNTA,ID_TEST,ID_PREGUNTA) values ('7','1','7');
Insert into PROYECTOFINAL.TEST_PREGUNTAS (ID_TEST_PREGUNTA,ID_TEST,ID_PREGUNTA) values ('8','1','8');
Insert into PROYECTOFINAL.TEST_PREGUNTAS (ID_TEST_PREGUNTA,ID_TEST,ID_PREGUNTA) values ('9','1','9');
Insert into PROYECTOFINAL.TEST_PREGUNTAS (ID_TEST_PREGUNTA,ID_TEST,ID_PREGUNTA) values ('10','1','10');
REM INSERTING into PROYECTOFINAL.TRANSACCIONES
SET DEFINE OFF;
Insert into PROYECTOFINAL.TRANSACCIONES (ID_TRANSACCION,TIPO,ID_FACTURA,CONCEPTO,CANTIDAD,FECHA) values ('1','0','1','Confirmacion de Factura ING-201900001','67,16',to_date('02/06/19','DD/MM/RR'));
Insert into PROYECTOFINAL.TRANSACCIONES (ID_TRANSACCION,TIPO,ID_FACTURA,CONCEPTO,CANTIDAD,FECHA) values ('3','1','3','Rectificacion de factura ING-201900003','72,6',to_date('02/06/19','DD/MM/RR'));
Insert into PROYECTOFINAL.TRANSACCIONES (ID_TRANSACCION,TIPO,ID_FACTURA,CONCEPTO,CANTIDAD,FECHA) values ('2','0','3','Confirmacion de Factura ING-201900003','72,6',to_date('02/06/19','DD/MM/RR'));
REM INSERTING into PROYECTOFINAL.USUARIOS
SET DEFINE OFF;
Insert into PROYECTOFINAL.USUARIOS (ID_USUARIO,USUARIO,CLAVE,ID_ROL,ELIMINADO) values ('2','Antonio','e10adc3949ba59abbe56e057f20f883e','4','0');
Insert into PROYECTOFINAL.USUARIOS (ID_USUARIO,USUARIO,CLAVE,ID_ROL,ELIMINADO) values ('4','Pedro','e10adc3949ba59abbe56e057f20f883e','3','0');
Insert into PROYECTOFINAL.USUARIOS (ID_USUARIO,USUARIO,CLAVE,ID_ROL,ELIMINADO) values ('3','Andrea','e10adc3949ba59abbe56e057f20f883e','3','0');
Insert into PROYECTOFINAL.USUARIOS (ID_USUARIO,USUARIO,CLAVE,ID_ROL,ELIMINADO) values ('5','David','e10adc3949ba59abbe56e057f20f883e','4','0');
Insert into PROYECTOFINAL.USUARIOS (ID_USUARIO,USUARIO,CLAVE,ID_ROL,ELIMINADO) values ('6','admin','21232f297a57a5a743894a0e4a801fc3','1','0');
Insert into PROYECTOFINAL.USUARIOS (ID_USUARIO,USUARIO,CLAVE,ID_ROL,ELIMINADO) values ('1','Victor','e10adc3949ba59abbe56e057f20f883e','1','0');
Insert into PROYECTOFINAL.USUARIOS (ID_USUARIO,USUARIO,CLAVE,ID_ROL,ELIMINADO) values ('7','Diego','e10adc3949ba59abbe56e057f20f883e','4','0');
Insert into PROYECTOFINAL.USUARIOS (ID_USUARIO,USUARIO,CLAVE,ID_ROL,ELIMINADO) values ('8','Contable1','e10adc3949ba59abbe56e057f20f883e','2','0');
--------------------------------------------------------
--  DDL for Index ABONOS_PK
--------------------------------------------------------

  CREATE UNIQUE INDEX "PROYECTOFINAL"."ABONOS_PK" ON "PROYECTOFINAL"."ABONOS" ("ID_ABONO") 
  PCTFREE 10 INITRANS 2 MAXTRANS 255 COMPUTE STATISTICS 
  STORAGE(INITIAL 65536 NEXT 1048576 MINEXTENTS 1 MAXEXTENTS 2147483645
  PCTINCREASE 0 FREELISTS 1 FREELIST GROUPS 1 BUFFER_POOL DEFAULT FLASH_CACHE DEFAULT CELL_FLASH_CACHE DEFAULT)
  TABLESPACE "SYSTEM" ;
--------------------------------------------------------
--  DDL for Index ALUMNOS_GRUPOS_PK
--------------------------------------------------------

  CREATE UNIQUE INDEX "PROYECTOFINAL"."ALUMNOS_GRUPOS_PK" ON "PROYECTOFINAL"."ALUMNOS_GRUPOS" ("ID_ALUMNO_GRUPO") 
  PCTFREE 10 INITRANS 2 MAXTRANS 255 COMPUTE STATISTICS 
  STORAGE(INITIAL 65536 NEXT 1048576 MINEXTENTS 1 MAXEXTENTS 2147483645
  PCTINCREASE 0 FREELISTS 1 FREELIST GROUPS 1 BUFFER_POOL DEFAULT FLASH_CACHE DEFAULT CELL_FLASH_CACHE DEFAULT)
  TABLESPACE "SYSTEM" ;
--------------------------------------------------------
--  DDL for Index ALUMNOS_PK
--------------------------------------------------------

  CREATE UNIQUE INDEX "PROYECTOFINAL"."ALUMNOS_PK" ON "PROYECTOFINAL"."ALUMNOS" ("ID_ALUMNO") 
  PCTFREE 10 INITRANS 2 MAXTRANS 255 COMPUTE STATISTICS 
  STORAGE(INITIAL 65536 NEXT 1048576 MINEXTENTS 1 MAXEXTENTS 2147483645
  PCTINCREASE 0 FREELISTS 1 FREELIST GROUPS 1 BUFFER_POOL DEFAULT FLASH_CACHE DEFAULT CELL_FLASH_CACHE DEFAULT)
  TABLESPACE "SYSTEM" ;
--------------------------------------------------------
--  DDL for Index ASIGNATURAS_PK
--------------------------------------------------------

  CREATE UNIQUE INDEX "PROYECTOFINAL"."ASIGNATURAS_PK" ON "PROYECTOFINAL"."ASIGNATURAS" ("ID_ASIGNATURA") 
  PCTFREE 10 INITRANS 2 MAXTRANS 255 COMPUTE STATISTICS 
  STORAGE(INITIAL 65536 NEXT 1048576 MINEXTENTS 1 MAXEXTENTS 2147483645
  PCTINCREASE 0 FREELISTS 1 FREELIST GROUPS 1 BUFFER_POOL DEFAULT FLASH_CACHE DEFAULT CELL_FLASH_CACHE DEFAULT)
  TABLESPACE "SYSTEM" ;
--------------------------------------------------------
--  DDL for Index AULAS_PK
--------------------------------------------------------

  CREATE UNIQUE INDEX "PROYECTOFINAL"."AULAS_PK" ON "PROYECTOFINAL"."AULAS" ("ID_AULA") 
  PCTFREE 10 INITRANS 2 MAXTRANS 255 COMPUTE STATISTICS 
  STORAGE(INITIAL 65536 NEXT 1048576 MINEXTENTS 1 MAXEXTENTS 2147483645
  PCTINCREASE 0 FREELISTS 1 FREELIST GROUPS 1 BUFFER_POOL DEFAULT FLASH_CACHE DEFAULT CELL_FLASH_CACHE DEFAULT)
  TABLESPACE "SYSTEM" ;
--------------------------------------------------------
--  DDL for Index FACTURAS_PK
--------------------------------------------------------

  CREATE UNIQUE INDEX "PROYECTOFINAL"."FACTURAS_PK" ON "PROYECTOFINAL"."FACTURAS" ("ID_FACTURA") 
  PCTFREE 10 INITRANS 2 MAXTRANS 255 COMPUTE STATISTICS 
  STORAGE(INITIAL 65536 NEXT 1048576 MINEXTENTS 1 MAXEXTENTS 2147483645
  PCTINCREASE 0 FREELISTS 1 FREELIST GROUPS 1 BUFFER_POOL DEFAULT FLASH_CACHE DEFAULT CELL_FLASH_CACHE DEFAULT)
  TABLESPACE "SYSTEM" ;
--------------------------------------------------------
--  DDL for Index GRUPOS_AULAS_HORARIOS_PK
--------------------------------------------------------

  CREATE UNIQUE INDEX "PROYECTOFINAL"."GRUPOS_AULAS_HORARIOS_PK" ON "PROYECTOFINAL"."GRUPOS_AULAS_HORARIOS" ("ID_GRUPO_AULA_HORARIO") 
  PCTFREE 10 INITRANS 2 MAXTRANS 255 COMPUTE STATISTICS 
  STORAGE(INITIAL 65536 NEXT 1048576 MINEXTENTS 1 MAXEXTENTS 2147483645
  PCTINCREASE 0 FREELISTS 1 FREELIST GROUPS 1 BUFFER_POOL DEFAULT FLASH_CACHE DEFAULT CELL_FLASH_CACHE DEFAULT)
  TABLESPACE "SYSTEM" ;
--------------------------------------------------------
--  DDL for Index GRUPOS_PK
--------------------------------------------------------

  CREATE UNIQUE INDEX "PROYECTOFINAL"."GRUPOS_PK" ON "PROYECTOFINAL"."GRUPOS" ("ID_GRUPO") 
  PCTFREE 10 INITRANS 2 MAXTRANS 255 COMPUTE STATISTICS 
  STORAGE(INITIAL 65536 NEXT 1048576 MINEXTENTS 1 MAXEXTENTS 2147483645
  PCTINCREASE 0 FREELISTS 1 FREELIST GROUPS 1 BUFFER_POOL DEFAULT FLASH_CACHE DEFAULT CELL_FLASH_CACHE DEFAULT)
  TABLESPACE "SYSTEM" ;
--------------------------------------------------------
--  DDL for Index HORARIO_PK
--------------------------------------------------------

  CREATE UNIQUE INDEX "PROYECTOFINAL"."HORARIO_PK" ON "PROYECTOFINAL"."HORARIO" ("ID_HORARIO") 
  PCTFREE 10 INITRANS 2 MAXTRANS 255 COMPUTE STATISTICS 
  STORAGE(INITIAL 65536 NEXT 1048576 MINEXTENTS 1 MAXEXTENTS 2147483645
  PCTINCREASE 0 FREELISTS 1 FREELIST GROUPS 1 BUFFER_POOL DEFAULT FLASH_CACHE DEFAULT CELL_FLASH_CACHE DEFAULT)
  TABLESPACE "SYSTEM" ;
--------------------------------------------------------
--  DDL for Index MATRICULAS_PK
--------------------------------------------------------

  CREATE UNIQUE INDEX "PROYECTOFINAL"."MATRICULAS_PK" ON "PROYECTOFINAL"."MATRICULAS" ("ID_MATRICULA") 
  PCTFREE 10 INITRANS 2 MAXTRANS 255 COMPUTE STATISTICS 
  STORAGE(INITIAL 65536 NEXT 1048576 MINEXTENTS 1 MAXEXTENTS 2147483645
  PCTINCREASE 0 FREELISTS 1 FREELIST GROUPS 1 BUFFER_POOL DEFAULT FLASH_CACHE DEFAULT CELL_FLASH_CACHE DEFAULT)
  TABLESPACE "SYSTEM" ;
--------------------------------------------------------
--  DDL for Index PREGUNTAS_PK
--------------------------------------------------------

  CREATE UNIQUE INDEX "PROYECTOFINAL"."PREGUNTAS_PK" ON "PROYECTOFINAL"."PREGUNTAS" ("ID_PREGUNTA") 
  PCTFREE 10 INITRANS 2 MAXTRANS 255 COMPUTE STATISTICS 
  STORAGE(INITIAL 65536 NEXT 1048576 MINEXTENTS 1 MAXEXTENTS 2147483645
  PCTINCREASE 0 FREELISTS 1 FREELIST GROUPS 1 BUFFER_POOL DEFAULT FLASH_CACHE DEFAULT CELL_FLASH_CACHE DEFAULT)
  TABLESPACE "SYSTEM" ;
--------------------------------------------------------
--  DDL for Index PROFESOR_PK
--------------------------------------------------------

  CREATE UNIQUE INDEX "PROYECTOFINAL"."PROFESOR_PK" ON "PROYECTOFINAL"."PROFESORES" ("ID_PROFESOR") 
  PCTFREE 10 INITRANS 2 MAXTRANS 255 COMPUTE STATISTICS 
  STORAGE(INITIAL 65536 NEXT 1048576 MINEXTENTS 1 MAXEXTENTS 2147483645
  PCTINCREASE 0 FREELISTS 1 FREELIST GROUPS 1 BUFFER_POOL DEFAULT FLASH_CACHE DEFAULT CELL_FLASH_CACHE DEFAULT)
  TABLESPACE "SYSTEM" ;
--------------------------------------------------------
--  DDL for Index RESULTADOS_PK
--------------------------------------------------------

  CREATE UNIQUE INDEX "PROYECTOFINAL"."RESULTADOS_PK" ON "PROYECTOFINAL"."RESULTADOS" ("ID_RESULTADO") 
  PCTFREE 10 INITRANS 2 MAXTRANS 255 COMPUTE STATISTICS 
  STORAGE(INITIAL 65536 NEXT 1048576 MINEXTENTS 1 MAXEXTENTS 2147483645
  PCTINCREASE 0 FREELISTS 1 FREELIST GROUPS 1 BUFFER_POOL DEFAULT FLASH_CACHE DEFAULT CELL_FLASH_CACHE DEFAULT)
  TABLESPACE "SYSTEM" ;
--------------------------------------------------------
--  DDL for Index ROLES_PK
--------------------------------------------------------

  CREATE UNIQUE INDEX "PROYECTOFINAL"."ROLES_PK" ON "PROYECTOFINAL"."ROLES" ("ID_ROL") 
  PCTFREE 10 INITRANS 2 MAXTRANS 255 COMPUTE STATISTICS 
  STORAGE(INITIAL 65536 NEXT 1048576 MINEXTENTS 1 MAXEXTENTS 2147483645
  PCTINCREASE 0 FREELISTS 1 FREELIST GROUPS 1 BUFFER_POOL DEFAULT FLASH_CACHE DEFAULT CELL_FLASH_CACHE DEFAULT)
  TABLESPACE "SYSTEM" ;
--------------------------------------------------------
--  DDL for Index TEST_PK
--------------------------------------------------------

  CREATE UNIQUE INDEX "PROYECTOFINAL"."TEST_PK" ON "PROYECTOFINAL"."TEST" ("ID_TEST") 
  PCTFREE 10 INITRANS 2 MAXTRANS 255 COMPUTE STATISTICS 
  STORAGE(INITIAL 65536 NEXT 1048576 MINEXTENTS 1 MAXEXTENTS 2147483645
  PCTINCREASE 0 FREELISTS 1 FREELIST GROUPS 1 BUFFER_POOL DEFAULT FLASH_CACHE DEFAULT CELL_FLASH_CACHE DEFAULT)
  TABLESPACE "SYSTEM" ;
--------------------------------------------------------
--  DDL for Index TEST_PREGUNTAS_PK
--------------------------------------------------------

  CREATE UNIQUE INDEX "PROYECTOFINAL"."TEST_PREGUNTAS_PK" ON "PROYECTOFINAL"."TEST_PREGUNTAS" ("ID_TEST_PREGUNTA") 
  PCTFREE 10 INITRANS 2 MAXTRANS 255 COMPUTE STATISTICS 
  STORAGE(INITIAL 65536 NEXT 1048576 MINEXTENTS 1 MAXEXTENTS 2147483645
  PCTINCREASE 0 FREELISTS 1 FREELIST GROUPS 1 BUFFER_POOL DEFAULT FLASH_CACHE DEFAULT CELL_FLASH_CACHE DEFAULT)
  TABLESPACE "SYSTEM" ;
--------------------------------------------------------
--  DDL for Index TRANSACCIONES_PK
--------------------------------------------------------

  CREATE UNIQUE INDEX "PROYECTOFINAL"."TRANSACCIONES_PK" ON "PROYECTOFINAL"."TRANSACCIONES" ("ID_TRANSACCION") 
  PCTFREE 10 INITRANS 2 MAXTRANS 255 COMPUTE STATISTICS 
  STORAGE(INITIAL 65536 NEXT 1048576 MINEXTENTS 1 MAXEXTENTS 2147483645
  PCTINCREASE 0 FREELISTS 1 FREELIST GROUPS 1 BUFFER_POOL DEFAULT FLASH_CACHE DEFAULT CELL_FLASH_CACHE DEFAULT)
  TABLESPACE "SYSTEM" ;
--------------------------------------------------------
--  DDL for Index USUARIOS_PK
--------------------------------------------------------

  CREATE UNIQUE INDEX "PROYECTOFINAL"."USUARIOS_PK" ON "PROYECTOFINAL"."USUARIOS" ("ID_USUARIO") 
  PCTFREE 10 INITRANS 2 MAXTRANS 255 COMPUTE STATISTICS 
  STORAGE(INITIAL 65536 NEXT 1048576 MINEXTENTS 1 MAXEXTENTS 2147483645
  PCTINCREASE 0 FREELISTS 1 FREELIST GROUPS 1 BUFFER_POOL DEFAULT FLASH_CACHE DEFAULT CELL_FLASH_CACHE DEFAULT)
  TABLESPACE "SYSTEM" ;
--------------------------------------------------------
--  Constraints for Table ABONOS
--------------------------------------------------------

  ALTER TABLE "PROYECTOFINAL"."ABONOS" ADD CONSTRAINT "ABONOS_PK" PRIMARY KEY ("ID_ABONO")
  USING INDEX PCTFREE 10 INITRANS 2 MAXTRANS 255 COMPUTE STATISTICS 
  STORAGE(INITIAL 65536 NEXT 1048576 MINEXTENTS 1 MAXEXTENTS 2147483645
  PCTINCREASE 0 FREELISTS 1 FREELIST GROUPS 1 BUFFER_POOL DEFAULT FLASH_CACHE DEFAULT CELL_FLASH_CACHE DEFAULT)
  TABLESPACE "SYSTEM"  ENABLE;
  ALTER TABLE "PROYECTOFINAL"."ABONOS" MODIFY ("ID_ABONO" NOT NULL ENABLE);
--------------------------------------------------------
--  Constraints for Table ALUMNOS
--------------------------------------------------------

  ALTER TABLE "PROYECTOFINAL"."ALUMNOS" ADD CONSTRAINT "ALUMNOS_PK" PRIMARY KEY ("ID_ALUMNO")
  USING INDEX PCTFREE 10 INITRANS 2 MAXTRANS 255 COMPUTE STATISTICS 
  STORAGE(INITIAL 65536 NEXT 1048576 MINEXTENTS 1 MAXEXTENTS 2147483645
  PCTINCREASE 0 FREELISTS 1 FREELIST GROUPS 1 BUFFER_POOL DEFAULT FLASH_CACHE DEFAULT CELL_FLASH_CACHE DEFAULT)
  TABLESPACE "SYSTEM"  ENABLE;
  ALTER TABLE "PROYECTOFINAL"."ALUMNOS" MODIFY ("ID_ALUMNO" NOT NULL ENABLE);
--------------------------------------------------------
--  Constraints for Table ALUMNOS_GRUPOS
--------------------------------------------------------

  ALTER TABLE "PROYECTOFINAL"."ALUMNOS_GRUPOS" ADD CONSTRAINT "ALUMNOS_GRUPOS_PK" PRIMARY KEY ("ID_ALUMNO_GRUPO")
  USING INDEX PCTFREE 10 INITRANS 2 MAXTRANS 255 COMPUTE STATISTICS 
  STORAGE(INITIAL 65536 NEXT 1048576 MINEXTENTS 1 MAXEXTENTS 2147483645
  PCTINCREASE 0 FREELISTS 1 FREELIST GROUPS 1 BUFFER_POOL DEFAULT FLASH_CACHE DEFAULT CELL_FLASH_CACHE DEFAULT)
  TABLESPACE "SYSTEM"  ENABLE;
  ALTER TABLE "PROYECTOFINAL"."ALUMNOS_GRUPOS" MODIFY ("ID_ALUMNO_GRUPO" NOT NULL ENABLE);
--------------------------------------------------------
--  Constraints for Table ASIGNATURAS
--------------------------------------------------------

  ALTER TABLE "PROYECTOFINAL"."ASIGNATURAS" ADD CONSTRAINT "ASIGNATURAS_PK" PRIMARY KEY ("ID_ASIGNATURA")
  USING INDEX PCTFREE 10 INITRANS 2 MAXTRANS 255 COMPUTE STATISTICS 
  STORAGE(INITIAL 65536 NEXT 1048576 MINEXTENTS 1 MAXEXTENTS 2147483645
  PCTINCREASE 0 FREELISTS 1 FREELIST GROUPS 1 BUFFER_POOL DEFAULT FLASH_CACHE DEFAULT CELL_FLASH_CACHE DEFAULT)
  TABLESPACE "SYSTEM"  ENABLE;
  ALTER TABLE "PROYECTOFINAL"."ASIGNATURAS" MODIFY ("ID_ASIGNATURA" NOT NULL ENABLE);
--------------------------------------------------------
--  Constraints for Table AULAS
--------------------------------------------------------

  ALTER TABLE "PROYECTOFINAL"."AULAS" ADD CONSTRAINT "AULAS_PK" PRIMARY KEY ("ID_AULA")
  USING INDEX PCTFREE 10 INITRANS 2 MAXTRANS 255 COMPUTE STATISTICS 
  STORAGE(INITIAL 65536 NEXT 1048576 MINEXTENTS 1 MAXEXTENTS 2147483645
  PCTINCREASE 0 FREELISTS 1 FREELIST GROUPS 1 BUFFER_POOL DEFAULT FLASH_CACHE DEFAULT CELL_FLASH_CACHE DEFAULT)
  TABLESPACE "SYSTEM"  ENABLE;
  ALTER TABLE "PROYECTOFINAL"."AULAS" MODIFY ("ID_AULA" NOT NULL ENABLE);
--------------------------------------------------------
--  Constraints for Table FACTURAS
--------------------------------------------------------

  ALTER TABLE "PROYECTOFINAL"."FACTURAS" ADD CONSTRAINT "FACTURAS_PK" PRIMARY KEY ("ID_FACTURA")
  USING INDEX PCTFREE 10 INITRANS 2 MAXTRANS 255 COMPUTE STATISTICS 
  STORAGE(INITIAL 65536 NEXT 1048576 MINEXTENTS 1 MAXEXTENTS 2147483645
  PCTINCREASE 0 FREELISTS 1 FREELIST GROUPS 1 BUFFER_POOL DEFAULT FLASH_CACHE DEFAULT CELL_FLASH_CACHE DEFAULT)
  TABLESPACE "SYSTEM"  ENABLE;
  ALTER TABLE "PROYECTOFINAL"."FACTURAS" MODIFY ("ID_FACTURA" NOT NULL ENABLE);
--------------------------------------------------------
--  Constraints for Table GRUPOS
--------------------------------------------------------

  ALTER TABLE "PROYECTOFINAL"."GRUPOS" ADD CONSTRAINT "GRUPOS_PK" PRIMARY KEY ("ID_GRUPO")
  USING INDEX PCTFREE 10 INITRANS 2 MAXTRANS 255 COMPUTE STATISTICS 
  STORAGE(INITIAL 65536 NEXT 1048576 MINEXTENTS 1 MAXEXTENTS 2147483645
  PCTINCREASE 0 FREELISTS 1 FREELIST GROUPS 1 BUFFER_POOL DEFAULT FLASH_CACHE DEFAULT CELL_FLASH_CACHE DEFAULT)
  TABLESPACE "SYSTEM"  ENABLE;
  ALTER TABLE "PROYECTOFINAL"."GRUPOS" MODIFY ("ID_GRUPO" NOT NULL ENABLE);
--------------------------------------------------------
--  Constraints for Table GRUPOS_AULAS_HORARIOS
--------------------------------------------------------

  ALTER TABLE "PROYECTOFINAL"."GRUPOS_AULAS_HORARIOS" ADD CONSTRAINT "GRUPOS_AULAS_HORARIOS_PK" PRIMARY KEY ("ID_GRUPO_AULA_HORARIO")
  USING INDEX PCTFREE 10 INITRANS 2 MAXTRANS 255 COMPUTE STATISTICS 
  STORAGE(INITIAL 65536 NEXT 1048576 MINEXTENTS 1 MAXEXTENTS 2147483645
  PCTINCREASE 0 FREELISTS 1 FREELIST GROUPS 1 BUFFER_POOL DEFAULT FLASH_CACHE DEFAULT CELL_FLASH_CACHE DEFAULT)
  TABLESPACE "SYSTEM"  ENABLE;
  ALTER TABLE "PROYECTOFINAL"."GRUPOS_AULAS_HORARIOS" MODIFY ("ID_GRUPO_AULA_HORARIO" NOT NULL ENABLE);
--------------------------------------------------------
--  Constraints for Table HORARIO
--------------------------------------------------------

  ALTER TABLE "PROYECTOFINAL"."HORARIO" ADD CONSTRAINT "HORARIO_PK" PRIMARY KEY ("ID_HORARIO")
  USING INDEX PCTFREE 10 INITRANS 2 MAXTRANS 255 COMPUTE STATISTICS 
  STORAGE(INITIAL 65536 NEXT 1048576 MINEXTENTS 1 MAXEXTENTS 2147483645
  PCTINCREASE 0 FREELISTS 1 FREELIST GROUPS 1 BUFFER_POOL DEFAULT FLASH_CACHE DEFAULT CELL_FLASH_CACHE DEFAULT)
  TABLESPACE "SYSTEM"  ENABLE;
  ALTER TABLE "PROYECTOFINAL"."HORARIO" MODIFY ("ID_HORARIO" NOT NULL ENABLE);
--------------------------------------------------------
--  Constraints for Table MATRICULAS
--------------------------------------------------------

  ALTER TABLE "PROYECTOFINAL"."MATRICULAS" ADD CONSTRAINT "MATRICULAS_PK" PRIMARY KEY ("ID_MATRICULA")
  USING INDEX PCTFREE 10 INITRANS 2 MAXTRANS 255 COMPUTE STATISTICS 
  STORAGE(INITIAL 65536 NEXT 1048576 MINEXTENTS 1 MAXEXTENTS 2147483645
  PCTINCREASE 0 FREELISTS 1 FREELIST GROUPS 1 BUFFER_POOL DEFAULT FLASH_CACHE DEFAULT CELL_FLASH_CACHE DEFAULT)
  TABLESPACE "SYSTEM"  ENABLE;
  ALTER TABLE "PROYECTOFINAL"."MATRICULAS" MODIFY ("ID_MATRICULA" NOT NULL ENABLE);
--------------------------------------------------------
--  Constraints for Table PREGUNTAS
--------------------------------------------------------

  ALTER TABLE "PROYECTOFINAL"."PREGUNTAS" ADD CONSTRAINT "PREGUNTAS_PK" PRIMARY KEY ("ID_PREGUNTA")
  USING INDEX PCTFREE 10 INITRANS 2 MAXTRANS 255 COMPUTE STATISTICS 
  STORAGE(INITIAL 65536 NEXT 1048576 MINEXTENTS 1 MAXEXTENTS 2147483645
  PCTINCREASE 0 FREELISTS 1 FREELIST GROUPS 1 BUFFER_POOL DEFAULT FLASH_CACHE DEFAULT CELL_FLASH_CACHE DEFAULT)
  TABLESPACE "SYSTEM"  ENABLE;
  ALTER TABLE "PROYECTOFINAL"."PREGUNTAS" MODIFY ("ID_PREGUNTA" NOT NULL ENABLE);
--------------------------------------------------------
--  Constraints for Table PROFESORES
--------------------------------------------------------

  ALTER TABLE "PROYECTOFINAL"."PROFESORES" ADD CONSTRAINT "PROFESOR_PK" PRIMARY KEY ("ID_PROFESOR")
  USING INDEX PCTFREE 10 INITRANS 2 MAXTRANS 255 COMPUTE STATISTICS 
  STORAGE(INITIAL 65536 NEXT 1048576 MINEXTENTS 1 MAXEXTENTS 2147483645
  PCTINCREASE 0 FREELISTS 1 FREELIST GROUPS 1 BUFFER_POOL DEFAULT FLASH_CACHE DEFAULT CELL_FLASH_CACHE DEFAULT)
  TABLESPACE "SYSTEM"  ENABLE;
  ALTER TABLE "PROYECTOFINAL"."PROFESORES" MODIFY ("ID_PROFESOR" NOT NULL ENABLE);
--------------------------------------------------------
--  Constraints for Table RESULTADOS
--------------------------------------------------------

  ALTER TABLE "PROYECTOFINAL"."RESULTADOS" ADD CONSTRAINT "RESULTADOS_PK" PRIMARY KEY ("ID_RESULTADO")
  USING INDEX PCTFREE 10 INITRANS 2 MAXTRANS 255 COMPUTE STATISTICS 
  STORAGE(INITIAL 65536 NEXT 1048576 MINEXTENTS 1 MAXEXTENTS 2147483645
  PCTINCREASE 0 FREELISTS 1 FREELIST GROUPS 1 BUFFER_POOL DEFAULT FLASH_CACHE DEFAULT CELL_FLASH_CACHE DEFAULT)
  TABLESPACE "SYSTEM"  ENABLE;
  ALTER TABLE "PROYECTOFINAL"."RESULTADOS" MODIFY ("ID_RESULTADO" NOT NULL ENABLE);
--------------------------------------------------------
--  Constraints for Table ROLES
--------------------------------------------------------

  ALTER TABLE "PROYECTOFINAL"."ROLES" ADD CONSTRAINT "ROLES_PK" PRIMARY KEY ("ID_ROL")
  USING INDEX PCTFREE 10 INITRANS 2 MAXTRANS 255 COMPUTE STATISTICS 
  STORAGE(INITIAL 65536 NEXT 1048576 MINEXTENTS 1 MAXEXTENTS 2147483645
  PCTINCREASE 0 FREELISTS 1 FREELIST GROUPS 1 BUFFER_POOL DEFAULT FLASH_CACHE DEFAULT CELL_FLASH_CACHE DEFAULT)
  TABLESPACE "SYSTEM"  ENABLE;
  ALTER TABLE "PROYECTOFINAL"."ROLES" MODIFY ("ID_ROL" NOT NULL ENABLE);
--------------------------------------------------------
--  Constraints for Table TEST
--------------------------------------------------------

  ALTER TABLE "PROYECTOFINAL"."TEST" ADD CONSTRAINT "TEST_PK" PRIMARY KEY ("ID_TEST")
  USING INDEX PCTFREE 10 INITRANS 2 MAXTRANS 255 COMPUTE STATISTICS 
  STORAGE(INITIAL 65536 NEXT 1048576 MINEXTENTS 1 MAXEXTENTS 2147483645
  PCTINCREASE 0 FREELISTS 1 FREELIST GROUPS 1 BUFFER_POOL DEFAULT FLASH_CACHE DEFAULT CELL_FLASH_CACHE DEFAULT)
  TABLESPACE "SYSTEM"  ENABLE;
  ALTER TABLE "PROYECTOFINAL"."TEST" MODIFY ("ID_TEST" NOT NULL ENABLE);
--------------------------------------------------------
--  Constraints for Table TEST_PREGUNTAS
--------------------------------------------------------

  ALTER TABLE "PROYECTOFINAL"."TEST_PREGUNTAS" ADD CONSTRAINT "TEST_PREGUNTAS_PK" PRIMARY KEY ("ID_TEST_PREGUNTA")
  USING INDEX PCTFREE 10 INITRANS 2 MAXTRANS 255 COMPUTE STATISTICS 
  STORAGE(INITIAL 65536 NEXT 1048576 MINEXTENTS 1 MAXEXTENTS 2147483645
  PCTINCREASE 0 FREELISTS 1 FREELIST GROUPS 1 BUFFER_POOL DEFAULT FLASH_CACHE DEFAULT CELL_FLASH_CACHE DEFAULT)
  TABLESPACE "SYSTEM"  ENABLE;
  ALTER TABLE "PROYECTOFINAL"."TEST_PREGUNTAS" MODIFY ("ID_TEST_PREGUNTA" NOT NULL ENABLE);
--------------------------------------------------------
--  Constraints for Table TRANSACCIONES
--------------------------------------------------------

  ALTER TABLE "PROYECTOFINAL"."TRANSACCIONES" ADD CONSTRAINT "TRANSACCIONES_PK" PRIMARY KEY ("ID_TRANSACCION")
  USING INDEX PCTFREE 10 INITRANS 2 MAXTRANS 255 COMPUTE STATISTICS 
  STORAGE(INITIAL 65536 NEXT 1048576 MINEXTENTS 1 MAXEXTENTS 2147483645
  PCTINCREASE 0 FREELISTS 1 FREELIST GROUPS 1 BUFFER_POOL DEFAULT FLASH_CACHE DEFAULT CELL_FLASH_CACHE DEFAULT)
  TABLESPACE "SYSTEM"  ENABLE;
  ALTER TABLE "PROYECTOFINAL"."TRANSACCIONES" MODIFY ("ID_TRANSACCION" NOT NULL ENABLE);
--------------------------------------------------------
--  Constraints for Table USUARIOS
--------------------------------------------------------

  ALTER TABLE "PROYECTOFINAL"."USUARIOS" ADD CONSTRAINT "USUARIOS_PK" PRIMARY KEY ("ID_USUARIO")
  USING INDEX PCTFREE 10 INITRANS 2 MAXTRANS 255 COMPUTE STATISTICS 
  STORAGE(INITIAL 65536 NEXT 1048576 MINEXTENTS 1 MAXEXTENTS 2147483645
  PCTINCREASE 0 FREELISTS 1 FREELIST GROUPS 1 BUFFER_POOL DEFAULT FLASH_CACHE DEFAULT CELL_FLASH_CACHE DEFAULT)
  TABLESPACE "SYSTEM"  ENABLE;
  ALTER TABLE "PROYECTOFINAL"."USUARIOS" MODIFY ("ID_USUARIO" NOT NULL ENABLE);
--------------------------------------------------------
--  Ref Constraints for Table ABONOS
--------------------------------------------------------

  ALTER TABLE "PROYECTOFINAL"."ABONOS" ADD CONSTRAINT "ABONOS_FK1" FOREIGN KEY ("ID_FACTURA")
	  REFERENCES "PROYECTOFINAL"."FACTURAS" ("ID_FACTURA") ENABLE;
--------------------------------------------------------
--  Ref Constraints for Table ALUMNOS
--------------------------------------------------------

  ALTER TABLE "PROYECTOFINAL"."ALUMNOS" ADD CONSTRAINT "ALUMNOS_FK1" FOREIGN KEY ("ID_USUARIO")
	  REFERENCES "PROYECTOFINAL"."USUARIOS" ("ID_USUARIO") ENABLE;
--------------------------------------------------------
--  Ref Constraints for Table ALUMNOS_GRUPOS
--------------------------------------------------------

  ALTER TABLE "PROYECTOFINAL"."ALUMNOS_GRUPOS" ADD CONSTRAINT "ALUMNOS_GRUPOS_FK1" FOREIGN KEY ("ID_ALUMNO")
	  REFERENCES "PROYECTOFINAL"."ALUMNOS" ("ID_ALUMNO") ENABLE;
  ALTER TABLE "PROYECTOFINAL"."ALUMNOS_GRUPOS" ADD CONSTRAINT "ALUMNOS_GRUPOS_FK2" FOREIGN KEY ("ID_GRUPO")
	  REFERENCES "PROYECTOFINAL"."GRUPOS" ("ID_GRUPO") ENABLE;
--------------------------------------------------------
--  Ref Constraints for Table FACTURAS
--------------------------------------------------------

  ALTER TABLE "PROYECTOFINAL"."FACTURAS" ADD CONSTRAINT "FACTURAS_FK1" FOREIGN KEY ("ID_USUARIO")
	  REFERENCES "PROYECTOFINAL"."USUARIOS" ("ID_USUARIO") ENABLE;
  ALTER TABLE "PROYECTOFINAL"."FACTURAS" ADD CONSTRAINT "FACTURAS_FK2" FOREIGN KEY ("ID_ALUMNO")
	  REFERENCES "PROYECTOFINAL"."ALUMNOS" ("ID_ALUMNO") ENABLE;
--------------------------------------------------------
--  Ref Constraints for Table GRUPOS
--------------------------------------------------------

  ALTER TABLE "PROYECTOFINAL"."GRUPOS" ADD CONSTRAINT "GRUPOS_FK1" FOREIGN KEY ("ID_ASIGNATURA")
	  REFERENCES "PROYECTOFINAL"."ASIGNATURAS" ("ID_ASIGNATURA") ENABLE;
  ALTER TABLE "PROYECTOFINAL"."GRUPOS" ADD CONSTRAINT "GRUPOS_FK2" FOREIGN KEY ("ID_PROFESOR")
	  REFERENCES "PROYECTOFINAL"."PROFESORES" ("ID_PROFESOR") ENABLE;
--------------------------------------------------------
--  Ref Constraints for Table GRUPOS_AULAS_HORARIOS
--------------------------------------------------------

  ALTER TABLE "PROYECTOFINAL"."GRUPOS_AULAS_HORARIOS" ADD CONSTRAINT "GRUPOS_AULAS_HORARIOS_FK1" FOREIGN KEY ("ID_GRUPO")
	  REFERENCES "PROYECTOFINAL"."GRUPOS" ("ID_GRUPO") ENABLE;
  ALTER TABLE "PROYECTOFINAL"."GRUPOS_AULAS_HORARIOS" ADD CONSTRAINT "GRUPOS_AULAS_HORARIOS_FK2" FOREIGN KEY ("ID_AULA")
	  REFERENCES "PROYECTOFINAL"."AULAS" ("ID_AULA") ENABLE;
  ALTER TABLE "PROYECTOFINAL"."GRUPOS_AULAS_HORARIOS" ADD CONSTRAINT "GRUPOS_AULAS_HORARIOS_FK3" FOREIGN KEY ("ID_HORARIO")
	  REFERENCES "PROYECTOFINAL"."HORARIO" ("ID_HORARIO") ENABLE;
--------------------------------------------------------
--  Ref Constraints for Table MATRICULAS
--------------------------------------------------------

  ALTER TABLE "PROYECTOFINAL"."MATRICULAS" ADD CONSTRAINT "MATRICULAS_FK1" FOREIGN KEY ("ID_ALUMNO")
	  REFERENCES "PROYECTOFINAL"."ALUMNOS" ("ID_ALUMNO") ENABLE;
  ALTER TABLE "PROYECTOFINAL"."MATRICULAS" ADD CONSTRAINT "MATRICULAS_FK2" FOREIGN KEY ("ID_GRUPO")
	  REFERENCES "PROYECTOFINAL"."GRUPOS" ("ID_GRUPO") ENABLE;
--------------------------------------------------------
--  Ref Constraints for Table PREGUNTAS
--------------------------------------------------------

  ALTER TABLE "PROYECTOFINAL"."PREGUNTAS" ADD CONSTRAINT "PREGUNTAS_FK1" FOREIGN KEY ("ID_ASIGNATURA")
	  REFERENCES "PROYECTOFINAL"."ASIGNATURAS" ("ID_ASIGNATURA") ENABLE;
--------------------------------------------------------
--  Ref Constraints for Table PROFESORES
--------------------------------------------------------

  ALTER TABLE "PROYECTOFINAL"."PROFESORES" ADD CONSTRAINT "PROFESOR_FK1" FOREIGN KEY ("ID_USUARIO")
	  REFERENCES "PROYECTOFINAL"."USUARIOS" ("ID_USUARIO") ENABLE;
--------------------------------------------------------
--  Ref Constraints for Table RESULTADOS
--------------------------------------------------------

  ALTER TABLE "PROYECTOFINAL"."RESULTADOS" ADD CONSTRAINT "RESULTADOS_FK1" FOREIGN KEY ("ID_TEST")
	  REFERENCES "PROYECTOFINAL"."TEST" ("ID_TEST") ENABLE;
  ALTER TABLE "PROYECTOFINAL"."RESULTADOS" ADD CONSTRAINT "RESULTADOS_FK2" FOREIGN KEY ("ID_ALUMNO")
	  REFERENCES "PROYECTOFINAL"."ALUMNOS" ("ID_ALUMNO") ENABLE;
--------------------------------------------------------
--  Ref Constraints for Table TEST
--------------------------------------------------------

  ALTER TABLE "PROYECTOFINAL"."TEST" ADD CONSTRAINT "TEST_FK1" FOREIGN KEY ("ID_ASIGNATURA")
	  REFERENCES "PROYECTOFINAL"."ASIGNATURAS" ("ID_ASIGNATURA") ENABLE;
--------------------------------------------------------
--  Ref Constraints for Table TEST_PREGUNTAS
--------------------------------------------------------

  ALTER TABLE "PROYECTOFINAL"."TEST_PREGUNTAS" ADD CONSTRAINT "TEST_PREGUNTAS_FK1" FOREIGN KEY ("ID_TEST")
	  REFERENCES "PROYECTOFINAL"."TEST" ("ID_TEST") ENABLE;
  ALTER TABLE "PROYECTOFINAL"."TEST_PREGUNTAS" ADD CONSTRAINT "TEST_PREGUNTAS_FK2" FOREIGN KEY ("ID_PREGUNTA")
	  REFERENCES "PROYECTOFINAL"."PREGUNTAS" ("ID_PREGUNTA") ENABLE;
--------------------------------------------------------
--  Ref Constraints for Table TRANSACCIONES
--------------------------------------------------------

  ALTER TABLE "PROYECTOFINAL"."TRANSACCIONES" ADD CONSTRAINT "TRANSACCIONES_FK1" FOREIGN KEY ("ID_FACTURA")
	  REFERENCES "PROYECTOFINAL"."FACTURAS" ("ID_FACTURA") ENABLE;
--------------------------------------------------------
--  Ref Constraints for Table USUARIOS
--------------------------------------------------------

  ALTER TABLE "PROYECTOFINAL"."USUARIOS" ADD CONSTRAINT "USUARIOS_FK1" FOREIGN KEY ("ID_ROL")
	  REFERENCES "PROYECTOFINAL"."ROLES" ("ID_ROL") ENABLE;
